{
    "AWSTemplateFormatVersion": "2010-09-09",
    "Description": "Lab template",
    "Parameters": {
        "WindowsAMIID": {
            "Type": "AWS::SSM::Parameter::Value<AWS::EC2::Image::Id>",
            "Default": "/aws/service/ami-windows-latest/Windows_Server-2019-English-Full-Base"
        },
        "KeyName": {
            "Type": "String",
            "Description": "Keyname for the keypair that will use to launch EC2 instances",
            "Default": "My-LAB-KP-02"
        }
    },
    "Resources": {
        "VPC": {
            "Type": "AWS::EC2::VPC",
            "Properties": {
                "CidrBlock": "192.168.0.0/24",
                "EnableDnsSupport": true,
                "EnableDnsHostnames": true,
                "Tags": [
                    {
                        "Key": "Name",
                        "Value": "Lab VPC R-2"
                    }
                ]
            }
        },
        "IGW": {
            "Type": "AWS::EC2::InternetGateway",
            "Properties": {
                "Tags": [
                    {
                        "Key": "Name",
                        "Value": "Lab VPC R-2 IGW"
                    }
                ]
            }
        },
        "VPCtoIGWConnection": {
            "Type": "AWS::EC2::VPCGatewayAttachment",
            "DependsOn": [
                "IGW",
                "VPC"
            ],
            "Properties": {
                "InternetGatewayId": {
                    "Ref": "IGW"
                },
                "VpcId": {
                    "Ref": "VPC"
                }
            }
        },
        "PublicRouteTable": {
            "Type": "AWS::EC2::RouteTable",
            "DependsOn": "VPC",
            "Properties": {
                "VpcId": {
                    "Ref": "VPC"
                },
                "Tags": [
                    {
                        "Key": "Name",
                        "Value": "Public Route Table"
                    }
                ]
            }
        },
        "PublicRoute": {
            "Type": "AWS::EC2::Route",
            "DependsOn": [
                "PublicRouteTable",
                "VPCtoIGWConnection"
            ],
            "Properties": {
                "DestinationCidrBlock": "0.0.0.0/0",
                "GatewayId": {
                    "Ref": "IGW"
                },
                "RouteTableId": {
                    "Ref": "PublicRouteTable"
                }
            }
        },
        "PublicSubnet": {
            "Type": "AWS::EC2::Subnet",
            "DependsOn": "VPC",
            "Properties": {
                "VpcId": {
                    "Ref": "VPC"
                },
                "MapPublicIpOnLaunch": true,
                "CidrBlock": "192.168.0.0/24",
                "AvailabilityZone": {
                    "Fn::Select": [
                        0,
                        {
                            "Fn::GetAZs": {
                                "Ref": "AWS::Region"
                            }
                        }
                    ]
                },
                "Tags": [
                    {
                        "Key": "Name",
                        "Value": "Public Subnet"
                    }
                ]
            }
        },
        "PublicRouteTableAssociation": {
            "Type": "AWS::EC2::SubnetRouteTableAssociation",
            "DependsOn": [
                "PublicRouteTable",
                "PublicSubnet"
            ],
            "Properties": {
                "RouteTableId": {
                    "Ref": "PublicRouteTable"
                },
                "SubnetId": {
                    "Ref": "PublicSubnet"
                }
            }
        },
        "WebServerSecurityGroup": {
            "Type": "AWS::EC2::SecurityGroup",
            "Properties": {
                "GroupName": "WebSecurityGroup",
                "GroupDescription": "Enable HTTP-RDP ingress",
                "VpcId": {
                    "Ref": "VPC"
                },
                "SecurityGroupIngress": [
                    {
                        "IpProtocol": "tcp",
                        "FromPort": 80,
                        "ToPort": 80,
                        "CidrIp": "0.0.0.0/0"
                    },
                    {
                        "IpProtocol": "tcp",
                        "FromPort": 3389,
                        "ToPort": 3389,
                        "CidrIp": "0.0.0.0/0"
                    }
                ],
                "Tags": [
                    {
                        "Key": "Name",
                        "Value": "Web Security Group"
                    }
                ]
            }
        },
        "WebServer": {
            "Type": "AWS::EC2::Instance",
            "Properties": {
                "InstanceType": "t2.micro",
                "ImageId": {
                    "Ref": "WindowsAMIID"
                },
                "SubnetId": {
                    "Ref": "PublicSubnet"
                },
                "SecurityGroupIds": [
                    {
                        "Ref": "WebServerSecurityGroup"
                    }
                ],
                "KeyName": {
                    "Ref": "KeyName"
                },
                "Tags": [
                    {
                        "Key": "Name",
                        "Value": "Web Server R-2"
                    }
                ]
            }
        }
    },
    "Outputs": {
        "Region": {
            "Value": {
                "Fn::Sub": "${AWS::Region}"
            },
            "Description": "Lab Region"
        },
        "WebSecurityGroup": {
            "Value": {
                "Fn::Sub": "${WebServerSecurityGroup}"
            },
            "Description": "Web Security Group"
        },
        "PublicSubnet": {
            "Value": {
                "Fn::Sub": "${PublicSubnet}"
            },
            "Description": "Public Subnet"
        },
        "WebServer": {
            "Value": {
                "Fn::Sub": "${WebServer.PublicIp}"
            },
            "Description": "Web Server Instance"
        }
    }
}